{
  "trained_at": "2026-06-12T03:49:42.509142",
  "samples": 5570,
  "results": {
    "RandomForest": {
      "accuracy": 1.0,
      "cv_f1_mean": 1.0,
      "cv_f1_std": 0.0
    },
    "GradientBoosting": {
      "accuracy": 1.0,
      "cv_f1_mean": 1.0,
      "cv_f1_std": 0.0
    },
    "MLP Neural Net": {
      "accuracy": 1.0,
      "cv_f1_mean": 0.998999993749961,
      "cv_f1_std": 0.001224758904997675
    }
  }
}