{
  "trained_at": "2026-06-12T00:40:17.838654",
  "samples": 6620,
  "results": {
    "RandomForest": {
      "accuracy": 1.0,
      "cv_f1_mean": 0.858877086494689,
      "cv_f1_std": 0.2822458270106222
    },
    "GradientBoosting": {
      "accuracy": 1.0,
      "cv_f1_mean": 0.9231527093596059,
      "cv_f1_std": 0.15369458128078817
    },
    "MLP Neural Net": {
      "accuracy": 1.0,
      "cv_f1_mean": 0.9664415584415584,
      "cv_f1_std": 0.06711688311688314
    }
  }
}